AUC,Accuracy,Precision at .05,Precision at .10,Precision at .2,Precision at .25,Precision at .5,Precision at .75,Precision at .85,Recall at .05,Recall at .10,Recall at .20,Recall at .25,Recall at .5,Recall at .75,Recall at .85,classifier,f1 at 0.05,f1 at 0.1,f1 at 0.2,f1 at 0.25,f1 at 0.5,f1 at 0.75,f1 at 0.85,test_time (sec),train_time (sec)
0.98614989753 (0.00157147977869),0.93672 (0.000786666666667),0.963729789996 (0.000332710004113),0.962604639137 (0.00412812138253),0.932406247114 (0.0296486273752),0.911346086157 (0.0426086112068),0.763246342428 (0.0410241202056),0.649092970522 (0.0334467120181),0.604484732824 (0.0205152671756),0.897957665034 (0.0336390738798),0.771170576675 (0.101368695546),0.452174028617 (0.203224658995),0.342170623512 (0.16866652105),0.0761580829985 (0.013720620521),0.0394868856092 (0.00326515256937),0.0312169206475 (0.000598549624903),GaussianNB(),0.929349979675 (0.0178801052421),0.852886984179 (0.0643370960885),0.584965758746 (0.194691248942),0.477306349783 (0.188065315588),0.138313361088 (0.0233750667426),0.0744410701372 (0.00602300171911),0.0593673448571 (0.00118137794326),0.0442810058594 (0.00425505638123),0.0432801246643 (0.00425553321838)
